frame,p0,p1,p2,p3,p4,p5,p6,p7,p8,p9,p10,p11,p12,p13,p14,p15,p16,p17,p18,p19,p20,p21,p22,p23,p24,p25,p26,p27,p28,p29,p30,p31,p32
frame_000001.jpg,"('0.5418', '0.1258', '-0.6563')","('0.5616', '0.1061', '-0.5700')","('0.5725', '0.1064', '-0.5708')","('0.5831', '0.1067', '-0.5708')","('0.5188', '0.1056', '-0.6117')","('0.5023', '0.1054', '-0.6128')","('0.4863', '0.1054', '-0.6134')","('0.5890', '0.1130', '-0.1394')","('0.4596', '0.1117', '-0.3312')","('0.5578', '0.1455', '-0.4906')","('0.5139', '0.1445', '-0.5507')","('0.6345', '0.2274', '0.1994')","('0.3921', '0.2360', '-0.2639')","('0.7534', '0.3000', '0.4436')","('0.4235', '0.3568', '-0.5603')","('0.9069', '0.3403', '0.2960')","('0.4306', '0.4729', '-1.0573')","('0.9478', '0.3617', '0.2787')","('0.4054', '0.4991', '-1.1929')","('0.9506', '0.3616', '0.1616')","('0.4090', '0.4989', '-1.2394')","('0.9355', '0.3576', '0.2444')","('0.4217', '0.4926', '-1.0880')","('0.5776', '0.4961', '0.1045')","('0.4456', '0.5032', '-0.1054')","('0.5536', '0.6963', '-0.1715')","('0.4553', '0.7118', '-0.2333')","('0.4932', '0.9056', '-0.1397')","('0.5426', '0.8532', '0.2597')","('0.4670', '0.9338', '-0.1581')","('0.5789', '0.8728', '0.2956')","('0.5524', '0.9671', '-0.5197')","('0.5154', '0.9280', '0.0338')"
frame_000002.jpg,"('0.5415', '0.1255', '-0.6597')","('0.5618', '0.1056', '-0.5734')","('0.5725', '0.1060', '-0.5742')","('0.5832', '0.1064', '-0.5742')","('0.5188', '0.1051', '-0.6133')","('0.5020', '0.1048', '-0.6144')","('0.4859', '0.1048', '-0.6151')","('0.5891', '0.1128', '-0.1414')","('0.4592', '0.1112', '-0.3249')","('0.5577', '0.1454', '-0.4938')","('0.5134', '0.1441', '-0.5515')","('0.6357', '0.2277', '0.1904')","('0.3916', '0.2362', '-0.2532')","('0.7556', '0.3009', '0.3943')","('0.4238', '0.3581', '-0.5521')","('0.9058', '0.3391', '0.1994')","('0.4303', '0.4736', '-1.0616')","('0.9468', '0.3611', '0.1718')","('0.4058', '0.4999', '-1.2001')","('0.9496', '0.3609', '0.0568')","('0.4085', '0.4992', '-1.2482')","('0.9343', '0.3567', '0.1473')","('0.4207', '0.4927', '-1.0935')","('0.5767', '0.4965', '0.0990')","('0.4427', '0.5031', '-0.0999')","('0.5540', '0.6960', '-0.1756')","('0.4544', '0.7120', '-0.2270')","('0.4933', '0.9059', '-0.1377')","('0.5433', '0.8527', '0.2716')","('0.4671', '0.9342', '-0.1557')","('0.5802', '0.8726', '0.3079')","('0.5522', '0.9674', '-0.5243')","('0.5169', '0.9295', '0.0412')"
frame_000003.jpg,"('0.5411', '0.1275', '-0.7190')","('0.5590', '0.1086', '-0.6318')","('0.5723', '0.1093', '-0.6326')","('0.5825', '0.1095', '-0.6326')","('0.5176', '0.1067', '-0.6705')","('0.5020', '0.1060', '-0.6716')","('0.4881', '0.1057', '-0.6722')","('0.5897', '0.1158', '-0.1968')","('0.4599', '0.1135', '-0.3751')","('0.5562', '0.1477', '-0.5521')","('0.5131', '0.1472', '-0.6083')","('0.6333', '0.2320', '0.1461')","('0.3959', '0.2400', '-0.2880')","('0.7519', '0.3030', '0.4641')","('0.4375', '0.3518', '-0.5859')","('0.8998', '0.3405', '0.4142')","('0.4551', '0.4590', '-1.0982')","('0.9418', '0.3617', '0.4088')","('0.4317', '0.4872', '-1.2361')","('0.9453', '0.3619', '0.2896')","('0.4427', '0.4884', '-1.2806')","('0.9288', '0.3583', '0.3649')","('0.4546', '0.4797', '-1.1289')","('0.5838', '0.4987', '0.0922')","('0.4442', '0.5048', '-0.0930')","('0.5558', '0.6957', '-0.1334')","('0.4456', '0.7107', '-0.1832')","('0.4802', '0.9039', '-0.0407')","('0.5434', '0.8469', '0.3568')","('0.4465', '0.9297', '-0.0530')","('0.5837', '0.8641', '0.3976')","('0.5594', '0.9659', '-0.4005')","('0.5024', '0.9323', '0.1489')"
frame_000004.jpg,"('0.5468', '0.1280', '-0.6693')","('0.5655', '0.1094', '-0.5879')","('0.5785', '0.1098', '-0.5886')","('0.5890', '0.1099', '-0.5887')","('0.5249', '0.1078', '-0.6244')","('0.5097', '0.1068', '-0.6255')","('0.4951', '0.1060', '-0.6262')","('0.5985', '0.1162', '-0.1750')","('0.4677', '0.1127', '-0.3444')","('0.5623', '0.1479', '-0.5097')","('0.5185', '0.1472', '-0.5631')","('0.6440', '0.2310', '0.1810')","('0.4032', '0.2389', '-0.2610')","('0.7615', '0.3045', '0.5612')","('0.4474', '0.3509', '-0.4963')","('0.9072', '0.3402', '0.5941')","('0.4660', '0.4619', '-0.9505')","('0.9468', '0.3613', '0.6051')","('0.4379', '0.4893', '-1.0764')","('0.9513', '0.3607', '0.4871')","('0.4501', '0.4917', '-1.1217')","('0.9354', '0.3579', '0.5483')","('0.4640', '0.4841', '-0.9796')","('0.5830', '0.4988', '0.1017')","('0.4422', '0.5009', '-0.1027')","('0.5637', '0.7028', '-0.1162')","('0.4615', '0.7143', '-0.1509')","('0.4918', '0.9131', '-0.0701')","('0.5537', '0.8506', '0.4092')","('0.4600', '0.9385', '-0.0860')","('0.5870', '0.8660', '0.4533')","('0.5688', '0.9702', '-0.4245')","('0.5330', '0.9298', '0.2190')"
frame_000005.jpg,"('0.5427', '0.1327', '-0.7174')","('0.5618', '0.1126', '-0.6333')","('0.5768', '0.1131', '-0.6341')","('0.5878', '0.1141', '-0.6341')","('0.5216', '0.1117', '-0.6665')","('0.5064', '0.1114', '-0.6676')","('0.4925', '0.1112', '-0.6681')","('0.5973', '0.1213', '-0.2069')","('0.4631', '0.1192', '-0.3588')","('0.5621', '0.1538', '-0.5538')","('0.5169', '0.1521', '-0.6024')","('0.6404', '0.2381', '0.1068')","('0.4076', '0.2497', '-0.2701')","('0.7612', '0.3072', '0.2518')","('0.4540', '0.3650', '-0.6397')","('0.9158', '0.3471', '0.0131')","('0.4679', '0.4622', '-1.2286')","('0.9539', '0.3668', '-0.0316')","('0.4439', '0.4908', '-1.3830')","('0.9552', '0.3675', '-0.1410')","('0.4498', '0.4909', '-1.4229')","('0.9392', '0.3636', '-0.0380')","('0.4633', '0.4816', '-1.2602')","('0.5744', '0.5062', '0.0683')","('0.4399', '0.5102', '-0.0692')","('0.5565', '0.7023', '-0.2183')","('0.4549', '0.7206', '-0.1416')","('0.4829', '0.9161', '-0.1938')","('0.5598', '0.8560', '0.4489')","('0.4572', '0.9434', '-0.2141')","('0.5965', '0.8731', '0.4950')","('0.5623', '0.9660', '-0.5804')","('0.5107', '0.9246', '0.2698')"
frame_000006.jpg,"('0.5443', '0.1341', '-0.7336')","('0.5620', '0.1145', '-0.6551')","('0.5759', '0.1150', '-0.6559')","('0.5862', '0.1161', '-0.6559')","('0.5217', '0.1136', '-0.6827')","('0.5062', '0.1134', '-0.6838')","('0.4920', '0.1134', '-0.6844')","('0.5947', '0.1231', '-0.2451')","('0.4632', '0.1209', '-0.3709')","('0.5619', '0.1550', '-0.5755')","('0.5180', '0.1534', '-0.6166')","('0.6416', '0.2421', '0.0563')","('0.4060', '0.2511', '-0.2645')","('0.7610', '0.3098', '0.1845')","('0.4507', '0.3610', '-0.5923')","('0.9134', '0.3510', '-0.0624')","('0.4688', '0.4630', '-1.1671')","('0.9495', '0.3707', '-0.1128')","('0.4452', '0.4917', '-1.3171')","('0.9512', '0.3712', '-0.2200')","('0.4573', '0.4902', '-1.3630')","('0.9358', '0.3677', '-0.1126')","('0.4679', '0.4813', '-1.2006')","('0.5722', '0.5105', '0.0494')","('0.4338', '0.5147', '-0.0503')","('0.5524', '0.7050', '-0.2154')","('0.4472', '0.7254', '-0.0967')","('0.4773', '0.9240', '-0.2045')","('0.5568', '0.8590', '0.5331')","('0.4564', '0.9483', '-0.2256')","('0.5953', '0.8755', '0.5847')","('0.5626', '0.9707', '-0.5885')","('0.5136', '0.9274', '0.3801')"
frame_000007.jpg,"('0.5365', '0.1315', '-0.7155')","('0.5552', '0.1122', '-0.6353')","('0.5691', '0.1132', '-0.6360')","('0.5801', '0.1144', '-0.6360')","('0.5152', '0.1107', '-0.6626')","('0.5006', '0.1105', '-0.6636')","('0.4877', '0.1107', '-0.6642')","('0.5893', '0.1223', '-0.2219')","('0.4578', '0.1191', '-0.3464')","('0.5547', '0.1532', '-0.5568')","('0.5098', '0.1509', '-0.5974')","('0.6405', '0.2424', '0.0791')","('0.4038', '0.2515', '-0.2441')","('0.7696', '0.3096', '0.1872')","('0.4388', '0.3727', '-0.6079')","('0.9270', '0.3528', '-0.0948')","('0.4437', '0.4581', '-1.2331')","('0.9636', '0.3711', '-0.1506')","('0.4216', '0.4827', '-1.3907')","('0.9669', '0.3720', '-0.2575')","('0.4307', '0.4782', '-1.4344')","('0.9517', '0.3691', '-0.1459')","('0.4414', '0.4730', '-1.2675')","('0.5673', '0.5110', '0.0557')","('0.4328', '0.5136', '-0.0566')","('0.5509', '0.7025', '-0.2425')","('0.4269', '0.7230', '-0.1583')","('0.4691', '0.9262', '-0.1970')","('0.5511', '0.8557', '0.4918')","('0.4484', '0.9512', '-0.2150')","('0.5960', '0.8732', '0.5451')","('0.5519', '0.9689', '-0.5951')","('0.5104', '0.9265', '0.3208')"
frame_000008.jpg,"('0.5325', '0.1342', '-0.6439')","('0.5504', '0.1141', '-0.5635')","('0.5637', '0.1146', '-0.5643')","('0.5759', '0.1155', '-0.5643')","('0.5106', '0.1125', '-0.5898')","('0.4970', '0.1119', '-0.5908')","('0.4837', '0.1119', '-0.5914')","('0.5850', '0.1227', '-0.1573')","('0.4573', '0.1196', '-0.2768')","('0.5516', '0.1553', '-0.4883')","('0.5070', '0.1530', '-0.5275')","('0.6378', '0.2428', '0.1356')","('0.4044', '0.2530', '-0.1893')","('0.7647', '0.3094', '0.2273')","('0.4407', '0.3759', '-0.5350')","('0.9225', '0.3533', '-0.0713')","('0.4371', '0.4681', '-1.1265')","('0.9594', '0.3723', '-0.1276')","('0.4195', '0.4885', '-1.2752')","('0.9622', '0.3731', '-0.2315')","('0.4251', '0.4839', '-1.3205')","('0.9469', '0.3703', '-0.1222')","('0.4319', '0.4805', '-1.1609')","('0.5704', '0.5122', '0.0616')","('0.4418', '0.5178', '-0.0625')","('0.5490', '0.7078', '-0.2241')","('0.4391', '0.7287', '-0.1185')","('0.4657', '0.9325', '-0.2216')","('0.5490', '0.8598', '0.5465')","('0.4443', '0.9577', '-0.2443')","('0.5919', '0.8784', '0.6013')","('0.5596', '0.9810', '-0.6398')","('0.5067', '0.9296', '0.3756')"
frame_000009.jpg,"('0.5263', '0.1283', '-0.7552')","('0.5427', '0.1106', '-0.6802')","('0.5569', '0.1114', '-0.6809')","('0.5689', '0.1123', '-0.6808')","('0.5057', '0.1089', '-0.7002')","('0.4929', '0.1086', '-0.7012')","('0.4814', '0.1085', '-0.7017')","('0.5826', '0.1203', '-0.2789')","('0.4541', '0.1167', '-0.3701')","('0.5441', '0.1518', '-0.6007')","('0.5018', '0.1496', '-0.6315')","('0.6340', '0.2450', '0.0097')","('0.3952', '0.2499', '-0.2484')","('0.7778', '0.3104', '0.0263')","('0.4109', '0.3685', '-0.5880')","('0.9424', '0.3584', '-0.3099')","('0.4018', '0.4606', '-1.1964')","('0.9786', '0.3742', '-0.3819')","('0.3785', '0.4770', '-1.3505')","('0.9800', '0.3757', '-0.4782')","('0.3828', '0.4741', '-1.3959')","('0.9650', '0.3729', '-0.3599')","('0.3957', '0.4677', '-1.2316')","('0.5417', '0.5097', '0.0289')","('0.4031', '0.5109', '-0.0297')","('0.5378', '0.7057', '-0.2836')","('0.4100', '0.7245', '-0.1349')","('0.4566', '0.9295', '-0.2168')","('0.5402', '0.8517', '0.5629')","('0.4393', '0.9535', '-0.2320')","('0.5799', '0.8695', '0.6222')","('0.5436', '0.9692', '-0.6238')","('0.5078', '0.9236', '0.3959')"
frame_000010.jpg,"('0.5236', '0.1296', '-0.8761')","('0.5430', '0.1109', '-0.8054')","('0.5566', '0.1117', '-0.8062')","('0.5677', '0.1127', '-0.8061')","('0.5013', '0.1086', '-0.8305')","('0.4871', '0.1081', '-0.8314')","('0.4746', '0.1077', '-0.8319')","('0.5772', '0.1207', '-0.4089')","('0.4511', '0.1156', '-0.5217')","('0.5421', '0.1518', '-0.7218')","('0.4974', '0.1501', '-0.7589')","('0.6238', '0.2429', '-0.0903')","('0.3904', '0.2505', '-0.4026')","('0.7671', '0.3101', '-0.0436')","('0.4066', '0.3828', '-0.7670')","('0.9311', '0.3580', '-0.3775')","('0.3862', '0.4642', '-1.3805')","('0.9664', '0.3764', '-0.4496')","('0.3686', '0.4801', '-1.5405')","('0.9673', '0.3767', '-0.5524')","('0.3675', '0.4763', '-1.5866')","('0.9513', '0.3734', '-0.4299')","('0.3795', '0.4689', '-1.4167')","('0.5355', '0.5133', '0.0616')","('0.4019', '0.5178', '-0.0623')","('0.5379', '0.7088', '-0.2046')","('0.4157', '0.7317', '-0.0317')","('0.4501', '0.9331', '-0.1508')","('0.5305', '0.8530', '0.7260')","('0.4240', '0.9608', '-0.1687')","('0.5735', '0.8736', '0.7898')","('0.5560', '0.9783', '-0.5735')","('0.5109', '0.9067', '0.5609')"
frame_000011.jpg,"('0.5021', '0.1305', '-1.1050')","('0.5211', '0.1104', '-1.0467')","('0.5347', '0.1111', '-1.0475')","('0.5450', '0.1119', '-1.0474')","('0.4768', '0.1082', '-1.0592')","('0.4617', '0.1077', '-1.0601')","('0.4478', '0.1079', '-1.0606')","('0.5543', '0.1189', '-0.6731')","('0.4235', '0.1157', '-0.7276')","('0.5198', '0.1521', '-0.9562')","('0.4742', '0.1504', '-0.9764')","('0.6085', '0.2426', '-0.3694')","('0.3590', '0.2526', '-0.5141')","('0.7626', '0.3060', '-0.3488')","('0.3125', '0.3797', '-0.7421')","('0.9430', '0.3539', '-0.6465')","('0.2363', '0.4574', '-1.2718')","('0.9817', '0.3657', '-0.7136')","('0.2055', '0.4793', '-1.3980')","('0.9864', '0.3655', '-0.8121')","('0.1982', '0.4711', '-1.4773')","('0.9694', '0.3649', '-0.6961')","('0.2081', '0.4674', '-1.3203')","('0.5130', '0.5059', '0.0173')","('0.3678', '0.5063', '-0.0181')","('0.5174', '0.6928', '-0.1857')","('0.3710', '0.7274', '-0.0371')","('0.4266', '0.9143', '-0.1640')","('0.5052', '0.8363', '0.7454')","('0.3946', '0.9505', '-0.1860')","('0.5491', '0.8520', '0.8126')","('0.5334', '0.9629', '-0.5841')","('0.4955', '0.9049', '0.5975')"
frame_000012.jpg,"('0.4921', '0.1253', '-1.0751')","('0.5095', '0.1074', '-1.0211')","('0.5230', '0.1083', '-1.0219')","('0.5337', '0.1095', '-1.0219')","('0.4692', '0.1060', '-1.0302')","('0.4547', '0.1058', '-1.0311')","('0.4421', '0.1058', '-1.0316')","('0.5442', '0.1184', '-0.6658')","('0.4185', '0.1146', '-0.7054')","('0.5082', '0.1485', '-0.9333')","('0.4653', '0.1463', '-0.9492')","('0.6024', '0.2418', '-0.3800')","('0.3524', '0.2474', '-0.4879')","('0.7588', '0.3059', '-0.3486')","('0.3125', '0.3666', '-0.6983')","('0.9312', '0.3533', '-0.6260')","('0.2469', '0.4495', '-1.2036')","('0.9719', '0.3658', '-0.6927')","('0.2175', '0.4708', '-1.3226')","('0.9742', '0.3653', '-0.7889')","('0.2132', '0.4621', '-1.4030')","('0.9561', '0.3651', '-0.6739')","('0.2277', '0.4579', '-1.2520')","('0.5095', '0.5046', '0.0094')","('0.3640', '0.5003', '-0.0102')","('0.5098', '0.6946', '-0.2319')","('0.3627', '0.7223', '-0.0298')","('0.4166', '0.9207', '-0.1974')","('0.4945', '0.8423', '0.6831')","('0.3865', '0.9514', '-0.2176')","('0.5400', '0.8562', '0.7424')","('0.5285', '0.9653', '-0.6156')","('0.4825', '0.9110', '0.5098')"
frame_000013.jpg,"('0.4680', '0.1280', '-1.1118')","('0.4867', '0.1077', '-1.0611')","('0.4988', '0.1082', '-1.0619')","('0.5115', '0.1090', '-1.0618')","('0.4472', '0.1056', '-1.0631')","('0.4305', '0.1052', '-1.0640')","('0.4163', '0.1052', '-1.0644')","('0.5191', '0.1183', '-0.7183')","('0.3931', '0.1146', '-0.7244')","('0.4857', '0.1513', '-0.9741')","('0.4409', '0.1500', '-0.9804')","('0.5835', '0.2468', '-0.4718')","('0.3225', '0.2470', '-0.4536')","('0.7596', '0.3081', '-0.4962')","('0.2308', '0.3589', '-0.5412')","('0.9414', '0.3495', '-0.8031')","('0.1315', '0.4421', '-0.9257')","('0.9839', '0.3650', '-0.8711')","('0.0908', '0.4584', '-1.0092')","('0.9915', '0.3656', '-0.9621')","('0.0863', '0.4582', '-1.1076')","('0.9715', '0.3621', '-0.8495')","('0.1052', '0.4541', '-0.9782')","('0.4905', '0.5129', '-0.0388')","('0.3472', '0.5081', '0.0378')","('0.4859', '0.6928', '-0.3185')","('0.3191', '0.7199', '0.0150')","('0.4031', '0.9125', '-0.2277')","('0.4700', '0.8386', '0.6878')","('0.3767', '0.9441', '-0.2408')","('0.5154', '0.8577', '0.7428')","('0.4924', '0.9605', '-0.6096')","('0.4453', '0.9021', '0.5254')"
frame_000014.jpg,"('0.4561', '0.1260', '-1.0314')","('0.4770', '0.1049', '-0.9781')","('0.4898', '0.1056', '-0.9788')","('0.5021', '0.1073', '-0.9787')","('0.4346', '0.1040', '-0.9769')","('0.4194', '0.1039', '-0.9778')","('0.4062', '0.1041', '-0.9782')","('0.5118', '0.1144', '-0.6368')","('0.3856', '0.1127', '-0.6282')","('0.4767', '0.1498', '-0.8954')","('0.4295', '0.1483', '-0.8977')","('0.5723', '0.2446', '-0.4168')","('0.3190', '0.2438', '-0.3563')","('0.7455', '0.3084', '-0.4365')","('0.2254', '0.3625', '-0.4384')","('0.9290', '0.3506', '-0.7109')","('0.1237', '0.4453', '-0.8367')","('0.9694', '0.3661', '-0.7735')","('0.0868', '0.4619', '-0.9179')","('0.9731', '0.3671', '-0.8631')","('0.0797', '0.4639', '-1.0185')","('0.9570', '0.3635', '-0.7556')","('0.0969', '0.4604', '-0.8906')","('0.4784', '0.5094', '-0.0552')","('0.3379', '0.5045', '0.0542')","('0.4749', '0.6881', '-0.3543')","('0.3060', '0.7181', '-0.0194')","('0.3967', '0.9083', '-0.3235')","('0.4638', '0.8367', '0.6187')","('0.3672', '0.9448', '-0.3428')","('0.5135', '0.8539', '0.6706')","('0.4789', '0.9623', '-0.7139')","('0.4298', '0.9067', '0.4606')"
frame_000015.jpg,"('0.4607', '0.1223', '-0.9421')","('0.4782', '0.1005', '-0.8934')","('0.4900', '0.1010', '-0.8943')","('0.5011', '0.1024', '-0.8943')","('0.4410', '0.0997', '-0.8895')","('0.4276', '0.0997', '-0.8903')","('0.4150', '0.1000', '-0.8908')","('0.5094', '0.1099', '-0.5843')","('0.3955', '0.1087', '-0.5610')","('0.4789', '0.1451', '-0.8184')","('0.4376', '0.1443', '-0.8164')","('0.5718', '0.2452', '-0.3960')","('0.3259', '0.2445', '-0.2855')","('0.7527', '0.3060', '-0.3725')","('0.1992', '0.3345', '-0.2971')","('0.9319', '0.3457', '-0.5459')","('0.0705', '0.4169', '-0.5430')","('0.9772', '0.3583', '-0.5934')","('0.0353', '0.4337', '-0.5848')","('0.9851', '0.3583', '-0.6740')","('0.0359', '0.4353', '-0.6815')","('0.9659', '0.3556', '-0.5863')","('0.0574', '0.4327', '-0.5937')","('0.4923', '0.5201', '-0.0662')","('0.3688', '0.5207', '0.0652')","('0.4779', '0.7006', '-0.2628')","('0.3434', '0.7125', '0.3915')","('0.3987', '0.9174', '-0.2981')","('0.4615', '0.8388', '1.0454')","('0.3772', '0.9475', '-0.3222')","('0.5000', '0.8550', '1.0976')","('0.4874', '0.9572', '-0.7015')","('0.4532', '0.8927', '0.9010')"
frame_000016.jpg,"('0.4561', '0.1248', '-1.0138')","('0.4711', '0.1029', '-0.9680')","('0.4833', '0.1037', '-0.9689')","('0.4935', '0.1047', '-0.9689')","('0.4387', '0.1020', '-0.9669')","('0.4263', '0.1019', '-0.9677')","('0.4144', '0.1019', '-0.9682')","('0.5028', '0.1138', '-0.6615')","('0.3956', '0.1110', '-0.6490')","('0.4726', '0.1461', '-0.8900')","('0.4348', '0.1461', '-0.8910')","('0.5684', '0.2461', '-0.4416')","('0.3270', '0.2458', '-0.3846')","('0.7409', '0.3042', '-0.3817')","('0.2000', '0.3442', '-0.4237')","('0.9194', '0.3464', '-0.5376')","('0.0833', '0.4203', '-0.6840')","('0.9606', '0.3603', '-0.5824')","('0.0567', '0.4361', '-0.7344')","('0.9662', '0.3595', '-0.6652')","('0.0541', '0.4359', '-0.8234')","('0.9505', '0.3567', '-0.5780')","('0.0704', '0.4330', '-0.7316')","('0.4838', '0.5172', '-0.0492')","('0.3613', '0.5157', '0.0482')","('0.4788', '0.6979', '-0.2973')","('0.3420', '0.7096', '0.4210')","('0.3981', '0.9146', '-0.3605')","('0.4569', '0.8385', '1.0984')","('0.3718', '0.9434', '-0.3873')","('0.4904', '0.8548', '1.1535')","('0.4797', '0.9593', '-0.7673')","('0.4305', '0.8871', '0.9673')"
frame_000017.jpg,"('0.4434', '0.1320', '-1.1288')","('0.4577', '0.1095', '-1.0794')","('0.4698', '0.1097', '-1.0804')","('0.4801', '0.1106', '-1.0803')","('0.4246', '0.1090', '-1.0758')","('0.4118', '0.1087', '-1.0767')","('0.3997', '0.1084', '-1.0772')","('0.4859', '0.1183', '-0.7516')","('0.3799', '0.1158', '-0.7304')","('0.4599', '0.1524', '-0.9964')","('0.4218', '0.1521', '-0.9956')","('0.5513', '0.2489', '-0.5448')","('0.3037', '0.2501', '-0.3967')","('0.7473', '0.3125', '-0.5334')","('0.1436', '0.3237', '-0.3745')","('0.9437', '0.3577', '-0.7210')","('0.0030', '0.3832', '-0.5826')","('0.9884', '0.3724', '-0.7712')","('-0.0368', '0.3939', '-0.6173')","('0.9961', '0.3734', '-0.8537')","('-0.0548', '0.3934', '-0.7139')","('0.9769', '0.3692', '-0.7622')","('-0.0222', '0.3932', '-0.6333')","('0.4916', '0.5296', '-0.0739')","('0.3728', '0.5364', '0.0729')","('0.4691', '0.6925', '-0.2068')","('0.3412', '0.6955', '0.4084')","('0.3909', '0.9056', '-0.1332')","('0.4258', '0.8525', '0.9621')","('0.3591', '0.9335', '-0.1465')","('0.4412', '0.8729', '1.0021')","('0.4703', '0.9552', '-0.5311')","('0.4335', '0.9174', '0.7522')"
frame_000018.jpg,"('0.4366', '0.1294', '-1.1452')","('0.4518', '0.1073', '-1.0993')","('0.4638', '0.1074', '-1.1003')","('0.4735', '0.1080', '-1.1002')","('0.4170', '0.1058', '-1.0997')","('0.4047', '0.1055', '-1.1005')","('0.3927', '0.1054', '-1.1010')","('0.4808', '0.1156', '-0.7833')","('0.3733', '0.1133', '-0.7771')","('0.4526', '0.1509', '-1.0166')","('0.4148', '0.1503', '-1.0198')","('0.5448', '0.2528', '-0.5664')","('0.2983', '0.2486', '-0.4638')","('0.7334', '0.3123', '-0.5196')","('0.1420', '0.3239', '-0.4530')","('0.9198', '0.3564', '-0.6742')","('-0.0063', '0.3811', '-0.6179')","('0.9649', '0.3732', '-0.7203')","('-0.0406', '0.3898', '-0.6481')","('0.9710', '0.3745', '-0.8040')","('-0.0614', '0.3893', '-0.7433')","('0.9522', '0.3692', '-0.7157')","('-0.0345', '0.3881', '-0.6669')","('0.4817', '0.5298', '-0.0664')","('0.3630', '0.5304', '0.0653')","('0.4576', '0.6999', '-0.2496')","('0.3380', '0.7019', '0.6041')","('0.3851', '0.9095', '-0.2437')","('0.4234', '0.8468', '1.2797')","('0.3565', '0.9400', '-0.2639')","('0.4466', '0.8611', '1.3328')","('0.4618', '0.9636', '-0.6406')","('0.4200', '0.9172', '1.1360')"
frame_000019.jpg,"('0.4324', '0.1367', '-1.1516')","('0.4488', '0.1138', '-1.1026')","('0.4625', '0.1142', '-1.1036')","('0.4731', '0.1149', '-1.1035')","('0.4134', '0.1130', '-1.0935')","('0.4000', '0.1124', '-1.0944')","('0.3879', '0.1122', '-1.0948')","('0.4828', '0.1225', '-0.7789')","('0.3683', '0.1199', '-0.7321')","('0.4510', '0.1577', '-1.0211')","('0.4095', '0.1569', '-1.0130')","('0.5369', '0.2593', '-0.6069')","('0.3011', '0.2430', '-0.3618')","('0.7134', '0.3259', '-0.6331')","('0.1219', '0.3096', '-0.3073')","('0.9055', '0.3738', '-0.8284')","('-0.0544', '0.3416', '-0.4903')","('0.9561', '0.3943', '-0.8837')","('-0.0764', '0.3559', '-0.5139')","('0.9623', '0.3986', '-0.9635')","('-0.1122', '0.3499', '-0.6133')","('0.9451', '0.3936', '-0.8688')","('-0.0898', '0.3472', '-0.5424')","('0.4822', '0.5405', '-0.1129')","('0.3668', '0.5376', '0.1119')","('0.4588', '0.7107', '-0.2411')","('0.3292', '0.7113', '0.5096')","('0.4041', '0.9115', '-0.1566')","('0.4332', '0.8710', '1.0828')","('0.3710', '0.9352', '-0.1688')","('0.4485', '0.8898', '1.1250')","('0.4507', '0.9626', '-0.5536')","('0.4051', '0.9301', '0.8878')"
frame_000020.jpg,"('0.4293', '0.1328', '-1.2238')","('0.4424', '0.1116', '-1.1732')","('0.4543', '0.1134', '-1.1742')","('0.4652', '0.1154', '-1.1741')","('0.4080', '0.1087', '-1.1644')","('0.3961', '0.1086', '-1.1652')","('0.3846', '0.1086', '-1.1657')","('0.4687', '0.1235', '-0.8455')","('0.3638', '0.1187', '-0.8006')","('0.4443', '0.1539', '-1.0920')","('0.4068', '0.1522', '-1.0846')","('0.5305', '0.2577', '-0.6531')","('0.2957', '0.2446', '-0.4316')","('0.7123', '0.3269', '-0.6722')","('0.1142', '0.3074', '-0.3708')","('0.9110', '0.3769', '-0.8791')","('-0.0533', '0.3387', '-0.5628')","('0.9609', '0.4005', '-0.9372')","('-0.0869', '0.3543', '-0.5953')","('0.9651', '0.4050', '-1.0194')","('-0.1179', '0.3470', '-0.6950')","('0.9471', '0.3985', '-0.9206')","('-0.0904', '0.3451', '-0.6158')","('0.4754', '0.5325', '-0.0937')","('0.3631', '0.5354', '0.0927')","('0.4485', '0.7128', '-0.1277')","('0.3908', '0.7213', '0.4658')","('0.3911', '0.9086', '0.1169')","('0.4246', '0.8784', '1.0497')","('0.3556', '0.9306', '0.1213')","('0.4283', '0.8978', '1.0926')","('0.4544', '0.9633', '-0.2549')","('0.4013', '0.9305', '0.8265')"
frame_000021.jpg,"('0.4779', '0.1379', '-1.1769')","('0.4956', '0.1175', '-1.1272')","('0.5080', '0.1184', '-1.1281')","('0.5208', '0.1187', '-1.1281')","('0.4537', '0.1147', '-1.1167')","('0.4386', '0.1140', '-1.1174')","('0.4239', '0.1143', '-1.1176')","('0.5336', '0.1262', '-0.7875')","('0.4036', '0.1238', '-0.7346')","('0.4956', '0.1612', '-1.0402')","('0.4509', '0.1610', '-1.0307')","('0.5792', '0.2684', '-0.6465')","('0.3492', '0.2434', '-0.3610')","('0.7326', '0.3541', '-0.9084')","('0.1680', '0.2900', '-0.4020')","('0.8464', '0.3948', '-1.4681')","('-0.0078', '0.3047', '-0.7287')","('0.8875', '0.4151', '-1.5999')","('-0.0434', '0.3046', '-0.7896')","('0.8846', '0.4173', '-1.6656')","('-0.0681', '0.3033', '-0.8930')","('0.8685', '0.4170', '-1.5110')","('-0.0401', '0.3058', '-0.7863')","('0.5240', '0.5437', '-0.1195')","('0.3965', '0.5319', '0.1185')","('0.5074', '0.7102', '-0.3470')","('0.3573', '0.6973', '0.2325')","('0.4826', '0.9055', '-0.2390')","('0.4781', '0.8759', '0.7058')","('0.4895', '0.9704', '-0.2520')","('0.5050', '0.9088', '0.7367')","('0.4843', '0.9494', '-0.6533')","('0.4182', '0.9285', '0.4703')"
frame_000022.jpg,"('0.4922', '0.1372', '-1.1542')","('0.5111', '0.1164', '-1.1048')","('0.5239', '0.1175', '-1.1057')","('0.5366', '0.1181', '-1.1056')","('0.4686', '0.1142', '-1.0936')","('0.4533', '0.1136', '-1.0944')","('0.4390', '0.1136', '-1.0946')","('0.5496', '0.1253', '-0.7696')","('0.4185', '0.1230', '-0.7135')","('0.5103', '0.1602', '-1.0193')","('0.4652', '0.1603', '-1.0090')","('0.5966', '0.2699', '-0.6429')","('0.3639', '0.2435', '-0.3404')","('0.7552', '0.3564', '-0.9306')","('0.1792', '0.2895', '-0.3897')","('0.8693', '0.3981', '-1.5044')","('-0.0040', '0.3053', '-0.7273')","('0.9065', '0.4176', '-1.6374')","('-0.0448', '0.3033', '-0.7893')","('0.9025', '0.4201', '-1.7013')","('-0.0673', '0.3023', '-0.8919')","('0.8864', '0.4194', '-1.5468')","('-0.0389', '0.3059', '-0.7853')","('0.5377', '0.5481', '-0.1296')","('0.4128', '0.5336', '0.1287')","('0.5210', '0.7129', '-0.3331')","('0.3908', '0.6922', '0.2264')","('0.5010', '0.9069', '-0.2193')","('0.4911', '0.8788', '0.6662')","('0.5163', '0.9710', '-0.2318')","('0.5205', '0.9136', '0.6937')","('0.4910', '0.9496', '-0.6287')","('0.4128', '0.9321', '0.4253')"
frame_000023.jpg,"('0.4559', '0.1309', '-0.8982')","('0.4803', '0.1097', '-0.8507')","('0.4962', '0.1106', '-0.8513')","('0.5104', '0.1119', '-0.8512')","('0.4319', '0.1095', '-0.8315')","('0.4173', '0.1098', '-0.8325')","('0.4049', '0.1102', '-0.8330')","('0.5291', '0.1211', '-0.5557')","('0.3882', '0.1210', '-0.4753')","('0.4837', '0.1555', '-0.7782')","('0.4303', '0.1542', '-0.7612')","('0.5133', '0.2497', '-0.4767')","('0.3952', '0.2314', '-0.0364')","('0.5486', '0.3717', '-0.4073')","('0.2984', '0.2354', '0.2659')","('0.4571', '0.3122', '-0.1899')","('0.3456', '0.2501', '0.4874')","('0.4109', '0.2736', '-0.1933')","('0.3629', '0.2559', '0.5232')","('0.4296', '0.2684', '-0.1942')","('0.3706', '0.2545', '0.5020')","('0.4297', '0.2734', '-0.1788')","('0.3654', '0.2571', '0.4828')","('0.5037', '0.5415', '-0.1846')","('0.4542', '0.5376', '0.1841')","('0.4652', '0.7123', '-0.2479')","('0.3984', '0.7141', '0.0647')","('0.5115', '0.9238', '-0.2686')","('0.4922', '0.9115', '0.1217')","('0.5467', '0.9638', '-0.2825')","('0.5357', '0.9540', '0.1210')","('0.4329', '0.9607', '-0.5017')","('0.3729', '0.9452', '-0.0263')"
frame_000024.jpg,"('0.4508', '0.1343', '-1.2321')","('0.4747', '0.1125', '-1.1851')","('0.4908', '0.1136', '-1.1857')","('0.5072', '0.1149', '-1.1856')","('0.4240', '0.1119', '-1.1563')","('0.4085', '0.1122', '-1.1572')","('0.3957', '0.1127', '-1.1575')","('0.5277', '0.1256', '-0.8416')","('0.3790', '0.1250', '-0.7139')","('0.4787', '0.1595', '-1.0905')","('0.4226', '0.1574', '-1.0599')","('0.5123', '0.2510', '-0.7218')","('0.3931', '0.2337', '-0.1635')","('0.6068', '0.3660', '-0.8042')","('0.3525', '0.2907', '0.1984')","('0.5419', '0.3617', '-0.8708')","('0.3464', '0.2760', '0.3320')","('0.5286', '0.3609', '-0.9351')","('0.3534', '0.3185', '0.3490')","('0.5232', '0.3382', '-0.9446')","('0.3639', '0.2806', '0.2865')","('0.5309', '0.3404', '-0.8711')","('0.3620', '0.2853', '0.3085')","('0.5095', '0.5320', '-0.2219')","('0.4543', '0.5252', '0.2215')","('0.4683', '0.7095', '-0.3290')","('0.3863', '0.7008', '-0.0204')","('0.5081', '0.9221', '-0.2561')","('0.4879', '0.9086', '0.1157')","('0.5433', '0.9622', '-0.2659')","('0.5326', '0.9514', '0.1184')","('0.4082', '0.9610', '-0.5756')","('0.3586', '0.9486', '-0.1135')"
frame_000025.jpg,"('0.3944', '0.1384', '-0.6381')","('0.4219', '0.1160', '-0.6270')","('0.4388', '0.1165', '-0.6274')","('0.4562', '0.1182', '-0.6274')","('0.3822', '0.1161', '-0.5540')","('0.3713', '0.1162', '-0.5549')","('0.3614', '0.1161', '-0.5552')","('0.4975', '0.1293', '-0.4778')","('0.3730', '0.1254', '-0.1501')","('0.4300', '0.1638', '-0.5688')","('0.3854', '0.1607', '-0.4806')","('0.4734', '0.2781', '-0.6167')","('0.4740', '0.2346', '0.4056')","('0.3375', '0.3717', '-0.6209')","('0.4919', '0.3192', '0.8567')","('0.1696', '0.4128', '-0.2637')","('0.4247', '0.3524', '1.0775')","('0.1502', '0.4241', '-0.2772')","('0.4079', '0.3630', '1.1527')","('0.1507', '0.4156', '-0.2565')","('0.3898', '0.3619', '1.0834')","('0.1612', '0.4131', '-0.2373')","('0.3974', '0.3612', '1.0514')","('0.5516', '0.5343', '-0.3570')","('0.5221', '0.5152', '0.3565')","('0.3943', '0.7004', '-0.5836')","('0.3733', '0.6854', '0.1247')","('0.5565', '0.9099', '-0.5342')","('0.5171', '0.8983', '0.2267')","('0.6065', '0.9410', '-0.5353')","('0.5746', '0.9384', '0.2347')","('0.4241', '0.9645', '-0.6865')","('0.3662', '0.9424', '0.1755')"
frame_000026.jpg,"('0.3763', '0.1363', '-0.8813')","('0.4019', '0.1143', '-0.8732')","('0.4199', '0.1157', '-0.8737')","('0.4363', '0.1180', '-0.8737')","('0.3641', '0.1138', '-0.8012')","('0.3519', '0.1138', '-0.8020')","('0.3414', '0.1136', '-0.8024')","('0.4790', '0.1285', '-0.7071')","('0.3512', '0.1233', '-0.3851')","('0.4133', '0.1627', '-0.8038')","('0.3636', '0.1587', '-0.7170')","('0.4458', '0.2780', '-0.8063')","('0.4540', '0.2320', '0.2119')","('0.3057', '0.3808', '-0.8448')","('0.4709', '0.3352', '0.5468')","('0.1337', '0.4177', '-0.5820')","('0.3750', '0.3826', '0.5669')","('0.1145', '0.4277', '-0.6221')","('0.3508', '0.3933', '0.6062')","('0.1138', '0.4157', '-0.6046')","('0.3258', '0.3947', '0.5224')","('0.1242', '0.4168', '-0.5605')","('0.3368', '0.3938', '0.5297')","('0.5193', '0.5305', '-0.3530')","('0.5102', '0.5132', '0.3524')","('0.3786', '0.7067', '-0.6006')","('0.3893', '0.7002', '0.1457')","('0.5524', '0.9143', '-0.5000')","('0.5037', '0.9008', '0.2989')","('0.5920', '0.9452', '-0.5007')","('0.5457', '0.9439', '0.3087')","('0.4545', '0.9695', '-0.7018')","('0.3485', '0.9362', '0.1970')"
frame_000027.jpg,"('0.4040', '0.1307', '-0.3732')","('0.4249', '0.1109', '-0.4061')","('0.4330', '0.1118', '-0.4067')","('0.4426', '0.1130', '-0.4066')","('0.4167', '0.1083', '-0.3242')","('0.4172', '0.1067', '-0.3250')","('0.4173', '0.1044', '-0.3256')","('0.5014', '0.1244', '-0.4719')","('0.4679', '0.1137', '-0.1020')","('0.4282', '0.1556', '-0.3832')","('0.4156', '0.1512', '-0.2821')","('0.4760', '0.2708', '-0.5973')","('0.6043', '0.2133', '0.1738')","('0.2784', '0.3402', '-0.6332')","('0.7231', '0.2223', '0.5486')","('0.0720', '0.3825', '-0.3447')","('0.8753', '0.2096', '0.9025')","('0.0304', '0.3954', '-0.3737')","('0.9254', '0.2167', '0.9521')","('0.0178', '0.3849', '-0.3497')","('0.9291', '0.2194', '0.9122')","('0.0400', '0.3834', '-0.3200')","('0.9108', '0.2199', '0.8930')","('0.5978', '0.5147', '-0.2660')","('0.6416', '0.5073', '0.2649')","('0.4427', '0.6552', '-0.3669')","('0.4679', '0.6873', '0.1453')","('0.6667', '0.6609', '-0.2418')","('0.6083', '0.9014', '0.0169')","('0.7222', '0.6611', '-0.2303')","('0.6658', '0.9290', '0.0042')","('0.6366', '0.6716', '-0.2395')","('0.4654', '0.9527', '-0.0392')"
frame_000028.jpg,"('0.4143', '0.1312', '-0.3061')","('0.4351', '0.1109', '-0.3301')","('0.4438', '0.1115', '-0.3305')","('0.4534', '0.1125', '-0.3303')","('0.4262', '0.1079', '-0.2542')","('0.4264', '0.1059', '-0.2551')","('0.4263', '0.1038', '-0.2557')","('0.5042', '0.1216', '-0.3576')","('0.4726', '0.1113', '-0.0166')","('0.4399', '0.1558', '-0.3025')","('0.4243', '0.1507', '-0.2092')","('0.4877', '0.2658', '-0.4539')","('0.6070', '0.2119', '0.2668')","('0.3037', '0.3388', '-0.4839')","('0.7189', '0.2227', '0.6881')","('0.1175', '0.3814', '-0.2281')","('0.8554', '0.2077', '1.0044')","('0.0759', '0.3948', '-0.2516')","('0.9007', '0.2147', '1.0462')","('0.0679', '0.3839', '-0.2310')","('0.9048', '0.2170', '1.0168')","('0.0845', '0.3818', '-0.2048')","('0.8888', '0.2179', '0.9994')","('0.5966', '0.5148', '-0.2659')","('0.6543', '0.4988', '0.2650')","('0.4746', '0.7116', '-0.4132')","('0.4441', '0.6572', '0.1594')","('0.6292', '0.9051', '-0.5065')","('0.6033', '0.8970', '0.2412')","('0.6790', '0.9318', '-0.5209')","('0.6527', '0.9275', '0.2506')","('0.5533', '0.9600', '-0.6899')","('0.4709', '0.9506', '0.1948')"
frame_000029.jpg,"('0.3862', '0.1200', '0.0519')","('0.4016', '0.0994', '0.0074')","('0.4055', '0.0998', '0.0069')","('0.4088', '0.1002', '0.0068')","('0.4030', '0.0965', '0.0744')","('0.4080', '0.0954', '0.0737')","('0.4145', '0.0942', '0.0731')","('0.4426', '0.1089', '-0.1456')","('0.4558', '0.1033', '0.1584')","('0.4092', '0.1454', '0.0072')","('0.4112', '0.1428', '0.0906')","('0.4125', '0.2624', '-0.2930')","('0.6371', '0.2144', '0.2338')","('0.2359', '0.3174', '-0.2706')","('0.8012', '0.2319', '0.2282')","('0.0850', '0.3482', '0.0236')","('0.9631', '0.2273', '0.1276')","('0.0504', '0.3620', '0.0157')","('1.0052', '0.2338', '0.0939')","('0.0475', '0.3525', '0.0346')","('1.0081', '0.2349', '0.0946')","('0.0607', '0.3494', '0.0468')","('0.9905', '0.2330', '0.1229')","('0.5635', '0.5110', '-0.1953')","('0.6252', '0.5092', '0.1942')","('0.3319', '0.6287', '-0.2384')","('0.4774', '0.7078', '0.1385')","('0.5740', '0.6598', '-0.0972')","('0.5923', '0.9091', '-0.0355')","('0.6290', '0.6597', '-0.0804')","('0.6407', '0.9411', '-0.0482')","('0.5120', '0.6894', '-0.0514')","('0.4991', '0.9806', '-0.0667')"
frame_000030.jpg,"('0.3858', '0.1285', '0.0189')","('0.4004', '0.1087', '-0.0276')","('0.4042', '0.1089', '-0.0281')","('0.4076', '0.1090', '-0.0282')","('0.4021', '0.1059', '0.0423')","('0.4075', '0.1046', '0.0416')","('0.4144', '0.1032', '0.0410')","('0.4431', '0.1174', '-0.1811')","('0.4576', '0.1123', '0.1354')","('0.4085', '0.1539', '-0.0246')","('0.4113', '0.1528', '0.0622')","('0.4116', '0.2650', '-0.3235')","('0.6329', '0.2178', '0.2347')","('0.2366', '0.3177', '-0.2924')","('0.7977', '0.2360', '0.2334')","('0.0819', '0.3462', '0.0045')","('0.9646', '0.2310', '0.1106')","('0.0479', '0.3628', '-0.0066')","('1.0052', '0.2385', '0.0707')","('0.0441', '0.3527', '0.0116')","('1.0114', '0.2391', '0.0695')","('0.0570', '0.3489', '0.0279')","('0.9902', '0.2360', '0.1043')","('0.5626', '0.5105', '-0.2039')","('0.6157', '0.5069', '0.2028')","('0.3100', '0.6142', '-0.2180')","('0.4812', '0.7025', '0.1398')","('0.5393', '0.6707', '0.0467')","('0.5926', '0.8916', '0.0367')","('0.5938', '0.6754', '0.0765')","('0.6454', '0.9213', '0.0322')","('0.4729', '0.6999', '0.1362')","('0.5017', '0.9632', '0.0376')"
frame_000031.jpg,"('0.4280', '0.1178', '0.4981')","('0.4174', '0.1007', '0.4364')","('0.4096', '0.1016', '0.4358')","('0.4019', '0.1028', '0.4356')","('0.4408', '0.0984', '0.4476')","('0.4478', '0.0976', '0.4469')","('0.4538', '0.0968', '0.4464')","('0.3958', '0.1148', '0.1810')","('0.4605', '0.1070', '0.2308')","('0.4182', '0.1404', '0.4236')","('0.4431', '0.1367', '0.4332')","('0.3312', '0.2590', '-0.0431')","('0.5898', '0.2183', '0.1276')","('0.1231', '0.3323', '-0.0353')","('0.7781', '0.2556', '-0.0520')","('0.1118', '0.3547', '0.2387')","('0.9642', '0.2618', '-0.1403')","('0.1066', '0.3625', '0.2481')","('1.0085', '0.2723', '-0.1837')","('0.1329', '0.3593', '0.2576')","('1.0214', '0.2672', '-0.1499')","('0.1444', '0.3554', '0.2535')","('1.0005', '0.2640', '-0.1316')","('0.4691', '0.5229', '-0.1305')","('0.5859', '0.5024', '0.1298')","('0.4256', '0.7197', '-0.1445')","('0.5379', '0.6719', '0.2123')","('0.5651', '0.9004', '-0.2948')","('0.5073', '0.8710', '0.2019')","('0.6045', '0.9231', '-0.3138')","('0.4905', '0.8847', '0.1999')","('0.4828', '0.9613', '-0.4531')","('0.4676', '0.9076', '0.1118')"
frame_000032.jpg,"('0.3868', '0.1141', '0.4676')","('0.3800', '0.0986', '0.4057')","('0.3727', '0.0996', '0.4051')","('0.3652', '0.1008', '0.4049')","('0.4031', '0.0958', '0.4166')","('0.4111', '0.0950', '0.4158')","('0.4184', '0.0943', '0.4153')","('0.3617', '0.1131', '0.1547')","('0.4290', '0.1056', '0.2016')","('0.3805', '0.1354', '0.3950')","('0.4042', '0.1330', '0.4034')","('0.2981', '0.2596', '-0.0519')","('0.5688', '0.2153', '0.1069')","('0.0876', '0.3369', '0.0159')","('0.7608', '0.2521', '-0.0776')","('0.1106', '0.3560', '0.3365')","('0.9522', '0.2602', '-0.1995')","('0.1090', '0.3586', '0.3544')","('0.9946', '0.2751', '-0.2490')","('0.1310', '0.3587', '0.3539')","('1.0014', '0.2731', '-0.2198')","('0.1383', '0.3546', '0.3485')","('0.9829', '0.2679', '-0.1935')","('0.4411', '0.5217', '-0.1441')","('0.5696', '0.5066', '0.1434')","('0.3934', '0.7178', '-0.1062')","('0.5027', '0.6957', '0.2434')","('0.5387', '0.8931', '-0.2569')","('0.4966', '0.8608', '0.2244')","('0.5756', '0.9205', '-0.2763')","('0.4931', '0.9270', '0.2219')","('0.4584', '0.9550', '-0.4050')","('0.4527', '0.9026', '0.1399')"
frame_000033.jpg,"('0.4539', '0.1242', '0.7541')","('0.4340', '0.1080', '0.7183')","('0.4250', '0.1075', '0.7177')","('0.4162', '0.1073', '0.7173')","('0.4561', '0.1097', '0.6837')","('0.4628', '0.1102', '0.6828')","('0.4690', '0.1106', '0.6822')","('0.3901', '0.1157', '0.5173')","('0.4634', '0.1194', '0.3567')","('0.4373', '0.1407', '0.6954')","('0.4629', '0.1428', '0.6448')","('0.2804', '0.2545', '0.3990')","('0.5448', '0.2328', '0.0317')","('0.1936', '0.3090', '0.7053')","('0.7120', '0.2718', '-0.3261')","('0.3386', '0.3298', '1.2346')","('0.9168', '0.2910', '-0.5026')","('0.3688', '0.3322', '1.3297')","('0.9660', '0.3117', '-0.5678')","('0.3833', '0.3301', '1.2885')","('0.9744', '0.3084', '-0.5135')","('0.3764', '0.3293', '1.2334')","('0.9588', '0.3034', '-0.4873')","('0.3906', '0.5049', '0.0967')","('0.5327', '0.4859', '-0.0979')","('0.4320', '0.7338', '0.1173')","('0.6460', '0.6204', '-0.1653')","('0.5033', '0.9163', '-0.2535')","('0.5526', '0.7941', '-0.4369')","('0.5180', '0.9395', '-0.2966')","('0.5237', '0.8003', '-0.4592')","('0.4566', '0.9809', '-0.3585')","('0.5531', '0.8614', '-0.4651')"
frame_000034.jpg,"('0.4227', '0.1195', '0.6163')","('0.4040', '0.1035', '0.5747')","('0.3947', '0.1026', '0.5740')","('0.3855', '0.1018', '0.5738')","('0.4282', '0.1061', '0.5488')","('0.4362', '0.1070', '0.5478')","('0.4440', '0.1078', '0.5473')","('0.3639', '0.1116', '0.3671')","('0.4413', '0.1168', '0.2473')","('0.4059', '0.1351', '0.5569')","('0.4339', '0.1392', '0.5180')","('0.2640', '0.2501', '0.2718')","('0.5267', '0.2311', '-0.0166')","('0.1720', '0.3018', '0.6463')","('0.6918', '0.2698', '-0.2865')","('0.3225', '0.3274', '1.2760')","('0.8957', '0.2887', '-0.4224')","('0.3507', '0.3311', '1.3879')","('0.9435', '0.3121', '-0.4727')","('0.3671', '0.3301', '1.3437')","('0.9522', '0.3102', '-0.4236')","('0.3604', '0.3280', '1.2781')","('0.9380', '0.3042', '-0.4069')","('0.3735', '0.5039', '0.0636')","('0.5211', '0.4869', '-0.0648')","('0.4193', '0.7290', '0.0835')","('0.6222', '0.6164', '-0.1675')","('0.4758', '0.9104', '-0.3389')","('0.5280', '0.7896', '-0.4259')","('0.4907', '0.9390', '-0.3881')","('0.5010', '0.7862', '-0.4461')","('0.4448', '0.9742', '-0.4508')","('0.5156', '0.8656', '-0.4368')"
frame_000035.jpg,"('0.5059', '0.1135', '0.0506')","('0.4793', '0.0944', '0.1023')","('0.4714', '0.0943', '0.1013')","('0.4643', '0.0946', '0.1012')","('0.4846', '0.0947', '-0.0195')","('0.4801', '0.0948', '-0.0206')","('0.4754', '0.0949', '-0.0212')","('0.4225', '0.1042', '0.2896')","('0.4318', '0.1054', '-0.2634')","('0.4818', '0.1336', '0.1338')","('0.4921', '0.1358', '-0.0319')","('0.2783', '0.2200', '0.6321')","('0.4526', '0.2246', '-0.5970')","('0.3712', '0.3076', '1.3418')","('0.5249', '0.2789', '-1.2319')","('0.5855', '0.3316', '1.8668')","('0.8025', '0.3187', '-1.6102')","('0.6049', '0.3228', '1.9957')","('0.8406', '0.3388', '-1.7726')","('0.6227', '0.3226', '1.8735')","('0.8413', '0.3350', '-1.6961')","('0.6167', '0.3250', '1.8310')","('0.8324', '0.3319', '-1.5905')","('0.2497', '0.4911', '0.3474')","('0.3847', '0.4865', '-0.3487')","('0.3963', '0.6947', '0.3946')","('0.7185', '0.5661', '-0.0712')","('0.3883', '0.8951', '0.1548')","('0.5851', '0.7360', '0.2403')","('0.3578', '0.9227', '0.1170')","('0.5120', '0.7455', '0.2755')","('0.4401', '0.9621', '-0.0096')","('0.5927', '0.8119', '0.3148')"
frame_000036.jpg,"('0.4558', '0.1099', '0.0518')","('0.4297', '0.0902', '0.1096')","('0.4224', '0.0907', '0.1085')","('0.4139', '0.0911', '0.1084')","('0.4331', '0.0897', '-0.0369')","('0.4286', '0.0898', '-0.0381')","('0.4229', '0.0900', '-0.0388')","('0.3613', '0.1012', '0.3284')","('0.3726', '0.1017', '-0.3365')","('0.4309', '0.1310', '0.1504')","('0.4397', '0.1324', '-0.0482')","('0.2148', '0.2224', '0.7397')","('0.3963', '0.2241', '-0.7367')","('0.3023', '0.3204', '1.5190')","('0.4707', '0.2709', '-1.3965')","('0.5430', '0.3303', '2.0679')","('0.7895', '0.3199', '-1.7280')","('0.5708', '0.3274', '2.2111')","('0.8310', '0.3390', '-1.9105')","('0.5898', '0.3238', '2.0603')","('0.8295', '0.3351', '-1.8171')","('0.5862', '0.3279', '2.0203')","('0.8193', '0.3324', '-1.7019')","('0.1731', '0.4969', '0.4195')","('0.3247', '0.4879', '-0.4208')","('0.3396', '0.6993', '0.4839')","('0.6910', '0.5679', '0.0311')","('0.3352', '0.9058', '0.2749')","('0.5470', '0.7392', '0.5535')","('0.3076', '0.9322', '0.2395')","('0.4648', '0.7493', '0.6107')","('0.3824', '0.9709', '0.0884')","('0.5558', '0.8114', '0.6740')"
frame_000037.jpg,"('0.4617', '0.1190', '-0.3509')","('0.4432', '0.0944', '-0.2240')","('0.4451', '0.0922', '-0.2253')","('0.4478', '0.0904', '-0.2252')","('0.4292', '0.0976', '-0.3706')","('0.4177', '0.0983', '-0.3719')","('0.3980', '0.0990', '-0.3726')","('0.3883', '0.1041', '0.3190')","('0.3028', '0.1098', '-0.3413')","('0.4588', '0.1391', '-0.1406')","('0.4273', '0.1392', '-0.3388')","('0.3554', '0.2137', '0.8685')","('0.2366', '0.2007', '-0.6617')","('0.5630', '0.3045', '1.0267')","('0.2356', '0.2757', '-1.5150')","('0.7707', '0.3315', '0.5004')","('0.4630', '0.2992', '-2.1138')","('0.8432', '0.3357', '0.4499')","('0.5072', '0.3039', '-2.3559')","('0.8473', '0.3367', '0.3212')","('0.5166', '0.2945', '-2.2966')","('0.8201', '0.3374', '0.4311')","('0.5152', '0.2989', '-2.1063')","('0.2263', '0.4915', '0.4722')","('0.2216', '0.4779', '-0.4731')","('0.3776', '0.6795', '0.5363')","('0.7339', '0.5474', '-0.8058')","('0.2616', '0.8901', '0.6659')","('0.6181', '0.6815', '0.2129')","('0.1885', '0.9183', '0.6541')","('0.5378', '0.6906', '0.3236')","('0.3951', '0.9636', '0.3596')","('0.6639', '0.7510', '0.3130')"
frame_000038.jpg,"('0.4504', '0.1164', '-0.2493')","('0.4334', '0.0911', '-0.1259')","('0.4362', '0.0891', '-0.1272')","('0.4396', '0.0874', '-0.1271')","('0.4169', '0.0941', '-0.2737')","('0.4077', '0.0949', '-0.2751')","('0.3899', '0.0957', '-0.2758')","('0.3813', '0.1004', '0.3911')","('0.2964', '0.1060', '-0.2727')","('0.4483', '0.1369', '-0.0489')","('0.4158', '0.1366', '-0.2479')","('0.3422', '0.2119', '0.9405')","('0.2354', '0.1912', '-0.6186')","('0.5422', '0.3105', '1.1546')","('0.2183', '0.2726', '-1.4592')","('0.7606', '0.3336', '0.7034')","('0.4365', '0.2977', '-2.0358')","('0.8442', '0.3397', '0.6712')","('0.4814', '0.2982', '-2.2691')","('0.8489', '0.3395', '0.5388')","('0.4900', '0.2903', '-2.2046')","('0.8137', '0.3387', '0.6345')","('0.4748', '0.2926', '-2.0254')","('0.1987', '0.4953', '0.4802')","('0.2050', '0.4796', '-0.4812')","('0.3790', '0.6850', '0.4714')","('0.7263', '0.5516', '-0.6998')","('0.2517', '0.8975', '0.4195')","('0.6152', '0.6907', '0.2877')","('0.1780', '0.9266', '0.3888')","('0.5265', '0.6997', '0.3955')","('0.3928', '0.9754', '0.0937')","('0.6492', '0.7666', '0.4165')"
frame_000039.jpg,"('0.4881', '0.1121', '-0.7875')","('0.4864', '0.0906', '-0.6656')","('0.4954', '0.0902', '-0.6667')","('0.5043', '0.0904', '-0.6665')","('0.4527', '0.0912', '-0.7602')","('0.4366', '0.0925', '-0.7614')","('0.4181', '0.0948', '-0.7619')","('0.4784', '0.0978', '-0.1141')","('0.3662', '0.1072', '-0.5414')","('0.5007', '0.1318', '-0.5787')","('0.4620', '0.1355', '-0.7081')","('0.5276', '0.2133', '0.4289')","('0.2997', '0.2277', '-0.6308')","('0.7330', '0.2676', '0.7532')","('0.1153', '0.2690', '-1.2422')","('0.9153', '0.3199', '0.4808')","('0.3075', '0.3082', '-1.8075')","('0.9622', '0.3397', '0.4641')","('0.3541', '0.3205', '-2.0036')","('0.9556', '0.3408', '0.3288')","('0.3978', '0.3101', '-1.9692')","('0.9343', '0.3384', '0.4211')","('0.3734', '0.3003', '-1.8081')","('0.3743', '0.4865', '0.3668')","('0.3077', '0.4767', '-0.3675')","('0.4375', '0.6899', '0.3435')","('0.6258', '0.5310', '-0.8745')","('0.3270', '0.9041', '0.4260')","('0.6279', '0.6669', '-0.0122')","('0.2557', '0.9318', '0.4098')","('0.5977', '0.6888', '0.0754')","('0.4536', '0.9834', '0.0826')","('0.7091', '0.7246', '-0.0288')"
frame_000040.jpg,"('0.5041', '0.1117', '-0.7914')","('0.5032', '0.0922', '-0.6776')","('0.5116', '0.0919', '-0.6786')","('0.5206', '0.0918', '-0.6784')","('0.4698', '0.0918', '-0.7552')","('0.4550', '0.0923', '-0.7563')","('0.4382', '0.0932', '-0.7569')","('0.4936', '0.0996', '-0.1544')","('0.3901', '0.1043', '-0.5107')","('0.5146', '0.1324', '-0.5949')","('0.4799', '0.1356', '-0.7035')","('0.5523', '0.2204', '0.3063')","('0.3155', '0.2293', '-0.5190')","('0.7417', '0.2685', '0.5558')","('0.1601', '0.2675', '-1.0651')","('0.9057', '0.3198', '0.2697')","('0.3466', '0.2972', '-1.6558')","('0.9482', '0.3399', '0.2435')","('0.3914', '0.3093', '-1.8432')","('0.9400', '0.3405', '0.1253')","('0.4297', '0.2887', '-1.8152')","('0.9207', '0.3386', '0.2180')","('0.4091', '0.2879', '-1.6593')","('0.4161', '0.4872', '0.2842')","('0.3244', '0.4740', '-0.2847')","('0.4681', '0.6946', '0.2670')","('0.6224', '0.5389', '-1.1327')","('0.3569', '0.9064', '0.5053')","('0.6353', '0.6637', '-0.2806')","('0.3003', '0.9332', '0.5057')","('0.6057', '0.6812', '-0.1934')","('0.4711', '0.9861', '0.1733')","('0.7070', '0.7237', '-0.3456')"
frame_000041.jpg,"('0.5302', '0.1008', '-0.5721')","('0.5381', '0.0782', '-0.4794')","('0.5503', '0.0782', '-0.4801')","('0.5588', '0.0783', '-0.4800')","('0.4982', '0.0802', '-0.5106')","('0.4828', '0.0813', '-0.5115')","('0.4680', '0.0827', '-0.5120')","('0.5521', '0.0869', '-0.0535')","('0.4337', '0.0918', '-0.1909')","('0.5504', '0.1195', '-0.4132')","('0.5030', '0.1270', '-0.4582')","('0.6342', '0.2201', '0.2123')","('0.3305', '0.2140', '-0.0421')","('0.8253', '0.2754', '0.2074')","('0.1290', '0.2622', '-0.1187')","('0.8826', '0.3375', '-0.3430')","('0.2022', '0.3322', '-0.5472')","('0.8739', '0.3666', '-0.4534')","('0.2225', '0.3631', '-0.6765')","('0.8554', '0.3576', '-0.5203')","('0.2469', '0.3545', '-0.7250')","('0.8538', '0.3511', '-0.3797')","('0.2500', '0.3430', '-0.5771')","('0.5242', '0.4737', '0.1309')","('0.3842', '0.4677', '-0.1314')","('0.4972', '0.6925', '0.0704')","('0.5774', '0.5575', '-0.8758')","('0.4202', '0.9051', '0.2692')","('0.5981', '0.6562', '-0.0312')","('0.3813', '0.9334', '0.2713')","('0.5923', '0.6573', '0.0593')","('0.4966', '0.9792', '-0.0702')","('0.7122', '0.7146', '-0.0703')"
frame_000042.jpg,"('0.5464', '0.1020', '-0.5333')","('0.5536', '0.0802', '-0.4435')","('0.5647', '0.0796', '-0.4442')","('0.5747', '0.0794', '-0.4441')","('0.5163', '0.0814', '-0.4738')","('0.5014', '0.0816', '-0.4747')","('0.4890', '0.0824', '-0.4752')","('0.5662', '0.0863', '-0.0326')","('0.4535', '0.0912', '-0.1705')","('0.5633', '0.1198', '-0.3804')","('0.5194', '0.1261', '-0.4256')","('0.6473', '0.2167', '0.2085')","('0.3577', '0.2119', '-0.0187')","('0.8399', '0.2721', '0.2122')","('0.1594', '0.2622', '-0.1432')","('0.8980', '0.3316', '-0.2825')","('0.2400', '0.3358', '-0.6232')","('0.8849', '0.3577', '-0.3815')","('0.2576', '0.3644', '-0.7556')","('0.8680', '0.3526', '-0.4484')","('0.2840', '0.3569', '-0.7990')","('0.8690', '0.3476', '-0.3182')","('0.2853', '0.3494', '-0.6525')","('0.5562', '0.4655', '0.0968')","('0.4112', '0.4674', '-0.0972')","('0.5152', '0.6928', '0.0049')","('0.5386', '0.5588', '-0.9493')","('0.4442', '0.9017', '0.1687')","('0.6121', '0.6510', '-0.2630')","('0.4010', '0.9288', '0.1659')","('0.6134', '0.6567', '-0.1931')","('0.5191', '0.9750', '-0.2171')","('0.7221', '0.7113', '-0.4036')"
frame_000043.jpg,"('0.5105', '0.0956', '-0.7964')","('0.5269', '0.0747', '-0.7281')","('0.5400', '0.0746', '-0.7287')","('0.5510', '0.0751', '-0.7284')","('0.4881', '0.0757', '-0.7383')","('0.4739', '0.0765', '-0.7392')","('0.4613', '0.0774', '-0.7396')","('0.5587', '0.0835', '-0.3420')","('0.4383', '0.0871', '-0.3930')","('0.5313', '0.1156', '-0.6449')","('0.4845', '0.1169', '-0.6649')","('0.6430', '0.2125', '-0.1235')","('0.3474', '0.1947', '-0.1335')","('0.7955', '0.2932', '-0.2093')","('0.1403', '0.2614', '-0.1833')","('0.7142', '0.3480', '-0.7119')","('0.1684', '0.3699', '-0.7020')","('0.6760', '0.3682', '-0.8344')","('0.1629', '0.4031', '-0.8329')","('0.6467', '0.3597', '-0.8794')","('0.1876', '0.3991', '-0.8969')","('0.6597', '0.3527', '-0.7373')","('0.1953', '0.3869', '-0.7408')","('0.5661', '0.4577', '0.0124')","('0.4085', '0.4492', '-0.0128')","('0.5033', '0.6898', '-0.2361')","('0.2309', '0.5491', '-0.7959')","('0.4562', '0.9104', '-0.0364')","('0.5242', '0.6526', '-0.3643')","('0.4389', '0.9402', '-0.0306')","('0.5614', '0.6395', '-0.3230')","('0.4973', '0.9774', '-0.4439')","('0.6595', '0.7112', '-0.6415')"
frame_000044.jpg,"('0.5143', '0.0969', '-0.7380')","('0.5293', '0.0753', '-0.6669')","('0.5421', '0.0755', '-0.6675')","('0.5533', '0.0758', '-0.6672')","('0.4891', '0.0754', '-0.6766')","('0.4742', '0.0760', '-0.6775')","('0.4608', '0.0770', '-0.6779')","('0.5582', '0.0843', '-0.2770')","('0.4360', '0.0881', '-0.3265')","('0.5348', '0.1155', '-0.5862')","('0.4876', '0.1185', '-0.6059')","('0.6387', '0.2111', '-0.0794')","('0.3471', '0.1951', '-0.0670')","('0.7966', '0.2899', '-0.1862')","('0.1398', '0.2608', '-0.1212')","('0.7386', '0.3434', '-0.7185')","('0.1637', '0.3667', '-0.6429')","('0.7038', '0.3633', '-0.8468')","('0.1628', '0.4019', '-0.7719')","('0.6793', '0.3530', '-0.8901')","('0.1849', '0.3985', '-0.8382')","('0.6892', '0.3486', '-0.7441')","('0.1927', '0.3863', '-0.6838')","('0.5606', '0.4603', '0.0093')","('0.4032', '0.4508', '-0.0097')","('0.5048', '0.6914', '-0.2093')","('0.2290', '0.5499', '-0.7967')","('0.4551', '0.9098', '0.0209')","('0.5153', '0.6501', '-0.3324')","('0.4382', '0.9380', '0.0300')","('0.5572', '0.6372', '-0.2875')","('0.4981', '0.9782', '-0.3920')","('0.6472', '0.7074', '-0.6092')"
frame_000045.jpg,"('0.4609', '0.0088', '-0.4261')","('0.4721', '-0.0015', '-0.4186')","('0.4783', '-0.0002', '-0.4193')","('0.4833', '0.0016', '-0.4191')","('0.4551', '-0.0040', '-0.4057')","('0.4482', '-0.0062', '-0.4064')","('0.4411', '-0.0058', '-0.4067')","('0.4953', '0.0081', '-0.2771')","('0.4384', '-0.0025', '-0.2182')","('0.4666', '0.0233', '-0.3588')","('0.4483', '0.0237', '-0.3472')","('0.5645', '0.0990', '-0.2415')","('0.3569', '0.0767', '0.0463')","('0.6353', '0.1959', '-0.3506')","('0.2175', '0.1288', '0.3006')","('0.4631', '0.2496', '-0.6395')","('0.1276', '0.1920', '0.2549')","('0.4121', '0.2746', '-0.7270')","('0.1160', '0.2194', '0.2349')","('0.3924', '0.2524', '-0.7268')","('0.1270', '0.2210', '0.1556')","('0.4026', '0.2465', '-0.6394')","('0.1354', '0.2149', '0.2211')","('0.5645', '0.3572', '-0.0687')","('0.4307', '0.3743', '0.0682')","('0.7752', '0.5320', '-0.3089')","('0.1669', '0.4686', '-0.2520')","('0.4671', '0.8652', '-0.2122')","('0.4211', '0.5977', '0.1163')","('0.4991', '0.8011', '-0.2051')","('0.4866', '0.6004', '0.1588')","('0.4734', '0.8822', '-0.4972')","('0.5213', '0.6689', '-0.0187')"
frame_000046.jpg,"('0.3033', '0.2462', '0.7382')","('0.2946', '0.2401', '0.7849')","('0.2927', '0.2364', '0.7844')","('0.2919', '0.2327', '0.7846')","('0.2992', '0.2532', '0.7811')","('0.3019', '0.2577', '0.7807')","('0.3039', '0.2621', '0.7806')","('0.3035', '0.2335', '0.8963')","('0.3152', '0.2774', '0.8776')","('0.3157', '0.2430', '0.7714')","('0.3213', '0.2576', '0.7609')","('0.3381', '0.2065', '0.6859')","('0.3918', '0.3394', '0.8105')","('0.3900', '0.1069', '0.2906')","('0.3679', '0.3996', '0.4379')","('0.1518', '0.1296', '-0.0179')","('0.2109', '0.3267', '0.2291')","('0.1346', '0.1704', '-0.0750')","('0.1816', '0.2988', '0.1619')","('0.1339', '0.1774', '-0.0037')","('0.1513', '0.2993', '0.2266')","('0.1401', '0.1691', '0.0087')","('0.1719', '0.2961', '0.2413')","('0.4791', '0.2860', '-0.0717')","('0.4991', '0.3594', '0.0690')","('0.2456', '0.4132', '-0.1036')","('0.2486', '0.4918', '-0.1930')","('0.4395', '0.5617', '-0.4857')","('0.4643', '0.7243', '-0.5824')","('0.5265', '0.5443', '-0.5289')","('0.5491', '0.7385', '-0.6292')","('0.4449', '0.5781', '-0.6883')","('0.4396', '0.8526', '-0.8048')"
frame_000057.jpg,"('0.5148', '0.1098', '-0.0351')","('0.4917', '0.0871', '0.0029')","('0.4842', '0.0866', '0.0019')","('0.4779', '0.0861', '0.0019')","('0.4916', '0.0866', '-0.1239')","('0.4845', '0.0859', '-0.1250')","('0.4785', '0.0853', '-0.1254')","('0.4220', '0.0938', '0.1635')","('0.4181', '0.0940', '-0.4112')","('0.4904', '0.1280', '0.0472')","('0.4923', '0.1301', '-0.1256')","('0.2553', '0.2090', '0.5516')","('0.4328', '0.2144', '-0.6810')","('0.3294', '0.3152', '1.1181')","('0.6698', '0.2983', '-0.4945')","('0.4996', '0.3355', '1.5104')","('0.6937', '0.3171', '0.3384')","('0.5290', '0.3309', '1.6395')","('0.6856', '0.3264', '0.3726')","('0.5505', '0.3276', '1.5415')","('0.6730', '0.3240', '0.4022')","('0.5409', '0.3301', '1.4806')","('0.6706', '0.3232', '0.3703')","('0.2121', '0.4952', '0.3903')","('0.3519', '0.4853', '-0.3915')","('0.3076', '0.7137', '0.5721')","('0.7616', '0.5436', '-0.1864')","('0.3085', '0.9271', '0.4747')","('0.4723', '0.6541', '0.4694')","('0.2673', '0.9562', '0.4564')","('0.3934', '0.6341', '0.5502')","('0.3726', '1.0021', '0.4276')","('0.3744', '0.7043', '0.7934')"
frame_000058.jpg,"('0.5047', '0.1192', '0.0862')","('0.4869', '0.0960', '0.1217')","('0.4771', '0.0955', '0.1207')","('0.4686', '0.0953', '0.1207')","('0.4897', '0.0963', '-0.0138')","('0.4822', '0.0959', '-0.0149')","('0.4747', '0.0953', '-0.0153')","('0.4071', '0.1039', '0.2588')","('0.4118', '0.1043', '-0.3554')","('0.4765', '0.1389', '0.1591')","('0.4817', '0.1393', '-0.0249')","('0.2465', '0.2193', '0.6573')","('0.4352', '0.2235', '-0.6802')","('0.3416', '0.3297', '1.1971')","('0.7111', '0.3166', '-0.4260')","('0.5136', '0.3473', '1.5353')","('0.6793', '0.3320', '0.5216')","('0.5520', '0.3428', '1.6637')","('0.6578', '0.3408', '0.5657')","('0.5583', '0.3397', '1.5639')","('0.6470', '0.3404', '0.5853')","('0.5507', '0.3418', '1.5024')","('0.6475', '0.3390', '0.5528')","('0.1938', '0.5054', '0.4215')","('0.3399', '0.4965', '-0.4226')","('0.2912', '0.7245', '0.5607')","('0.7633', '0.5563', '-0.2384')","('0.3012', '0.9318', '0.4446')","('0.4686', '0.6626', '0.3926')","('0.2632', '0.9594', '0.4241')","('0.3946', '0.6417', '0.4708')","('0.3548', '1.0099', '0.3976')","('0.3614', '0.7089', '0.7192')"
